"Inspector","Email","Password","Assigned tests"
"Anil Sanap","anil.sanap@dycgpl.com","123456","37"
"Dhrumil Trivedi","dhrumil.trivedi@dycgpl.com","123456","37"
"Rohit Barge","rohit.barge@dycgpl.com","123456","37"
"Deepak Kolambe","deepak.kolambe@dycgpl.com","123456","1"
"Parag Wadekar","parag.wadekar@dycgpl.com","123456","1"
"Ramesh Kumar","ramesh.kumar@dycgpl.com","123456","37"
"S G Azhegasan","s.azhegasan@dycgpl.com","123456","11"
"Sagar Sontakke","sagar.sontakke@dycgpl.com","123456","37"
"Sanjay EV","sanjay.ev@dycgpl.com","123456","37"
"Sudhakar Joshi","sudhakar.joshi@dycgpl.com","123456","11"
